Blockno,DateTime (UTC),Parent Transaction Hash,Status,Type,From,From_Nametag,To,To_Nametag,Amount,Value (USD)
"43416508","2024-10-25 04:11:22","0xace9e63a23de6fe1718d1d7dda0cfbf1ddfd2c1a284b7a0075d47a8cfc8021a5","Success","call","0x0000000000000000000000000000000000001000","BSC: Validator Set","0x000000000000000000000000000000000000dead","Null: 0x000...dEaD","0.000937932783087029 BNB","$0.56"
"","","0xace9e63a23de6fe1718d1d7dda0cfbf1ddfd2c1a284b7a0075d47a8cfc8021a5","Success","call","0x0000000000000000000000000000000000001000","BSC: Validator Set","0x0000000000000000000000000000000000001002","BSC: System Reward","0.000586207989429393 BNB","$0.35"
"","","0x5d3f7d5cc88c9379df55a29b70b8f3d2877f25c1710262324c239ce8c36036d9","Success","call","0xa594ec24703b30505ce12ba0444a8e996d216dbd","","0xd67988ad480bc2af2fbf10c11e157ca4575b35ea","","0.000898 BNB","$0.53"
"","","0xd8d88954c785e37a6d38b5df2cd60902e404a37bfc4daa4009faf9a97b4bac80","Success","call","0x1a0a18ac4becddbd6389559687d1a73d8927e416","PancakeSwap: Universal Router","0x9aed3991caf1ce635b8c8db975f6d088ffb06890","","0.003365410102281581 BNB","$2.00"
"","","0xd8d88954c785e37a6d38b5df2cd60902e404a37bfc4daa4009faf9a97b4bac80","Success","call","0xbb4cdb9cbd36b01bd1cbaebf2de08d9173bc095c","Duchuynhltd@gmail.com","0x1a0a18ac4becddbd6389559687d1a73d8927e416","PancakeSwap: Universal Router","0.003365410102281581 BNB","$2.00"
"","","0x756c3ed8872cb0b610adc24ddae09651f00e7d1a079020f5f68756657b138211","Success","call","0xa594ec24703b30505ce12ba0444a8e996d216dbd","","0x05bdfbc911a93afb143267956984200e9b58cba2","","0.0016173 BNB","$0.96"
"","","0xe805609c5c39f7d3966d514b8847f7da79e31d736e3d519f6a2c5596e5ef112d","Success","call","0xe37a38d130c91fed76c406f24b4a3a3dc310cea9","Fake_Phishing340007","0x2cb29a73aac6b2fadcfc399d5b7a85d3c1bb068c","","0.00008 BNB","$0.05"
"","","0xe805609c5c39f7d3966d514b8847f7da79e31d736e3d519f6a2c5596e5ef112d","Success","call","0xe37a38d130c91fed76c406f24b4a3a3dc310cea9","Fake_Phishing340007","0xa97fa10d07ae7f6937205a60b53730228285f633","","0.00008 BNB","$0.05"
"","","0xe805609c5c39f7d3966d514b8847f7da79e31d736e3d519f6a2c5596e5ef112d","Success","call","0xe37a38d130c91fed76c406f24b4a3a3dc310cea9","Fake_Phishing340007","0x943090f3d0a92ebd1a30b499ae384986cb1de775","","0.00008 BNB","$0.05"
"","","0xe805609c5c39f7d3966d514b8847f7da79e31d736e3d519f6a2c5596e5ef112d","Success","call","0xe37a38d130c91fed76c406f24b4a3a3dc310cea9","Fake_Phishing340007","0x5f8736bf020c105dba149b76a9d0ee8673c363e8","","0.00008 BNB","$0.05"
"","","0xe805609c5c39f7d3966d514b8847f7da79e31d736e3d519f6a2c5596e5ef112d","Success","call","0xe37a38d130c91fed76c406f24b4a3a3dc310cea9","Fake_Phishing340007","0xc65394541bda52809ec22c2c4b8f55d5c14de8a4","","0.00008 BNB","$0.05"
"","","0xe805609c5c39f7d3966d514b8847f7da79e31d736e3d519f6a2c5596e5ef112d","Success","call","0xe37a38d130c91fed76c406f24b4a3a3dc310cea9","Fake_Phishing340007","0xffebf9c29e7892192265dd7b0bf5659cb95d49d5","","0.00008 BNB","$0.05"
"","","0x0336e578b1ee51cc74810d1f8e317c15d24c596f11180cbfd15124fee36d0863","Success","call","0xe37e799d5077682fa0a244d46e5649f71457bd09","","0xbb4cdb9cbd36b01bd1cbaebf2de08d9173bc095c","Duchuynhltd@gmail.com","0.00043005890796 BNB","$0.26"
"","","0x0336e578b1ee51cc74810d1f8e317c15d24c596f11180cbfd15124fee36d0863","Success","call","0xe37e799d5077682fa0a244d46e5649f71457bd09","","0xcf04b33ac6b17f2160d8549b378a28b10392fc1b","","0.00000216110004 BNB","$0.00"
"","","0x0336e578b1ee51cc74810d1f8e317c15d24c596f11180cbfd15124fee36d0863","Success","call","0x111111125421ca6dc452d289314280a0f8842a65","","0xe37e799d5077682fa0a244d46e5649f71457bd09","","0.000432220008 BNB","$0.26"
"","","0xd2b51a8f6e9a536245357eff92d40910d62fcb99ac5d4d2055ba7f7a6329464d","Success","create","0x5010cf18344cc976ccfd0c4af75b844a6ccc3a56","","0x4fa5b843cd2e7a05788daf469371255ed0dc5ad7","","0 BNB","$0.00"
"","","0xd2b51a8f6e9a536245357eff92d40910d62fcb99ac5d4d2055ba7f7a6329464d","Success","create","0x5010cf18344cc976ccfd0c4af75b844a6ccc3a56","","0xc6c3d597ef656899f5e96f45668da504add4f496","","0 BNB","$0.00"
"43416507","2024-10-25 04:11:19","0x8786a1f56375d9e5a38fedeafb6f36c503170e7706b8eb749dd2b35d7c8ee31e","Success","call","0x0000000000000000000000000000000000001000","BSC: Validator Set","0x000000000000000000000000000000000000dead","Null: 0x000...dEaD","0.001641702404348093 BNB","$0.98"
"","","0x8786a1f56375d9e5a38fedeafb6f36c503170e7706b8eb749dd2b35d7c8ee31e","Success","call","0x0000000000000000000000000000000000001000","BSC: Validator Set","0x0000000000000000000000000000000000001002","BSC: System Reward","0.001026064002717558 BNB","$0.61"
"","","0x4530ba85b91cc54d9a3e1bbe05dbd4bf0fc32dcc9e60548e3394bed5861eb1ce","Success","call","0x1a0a18ac4becddbd6389559687d1a73d8927e416","PancakeSwap: Universal Router","0xbb4cdb9cbd36b01bd1cbaebf2de08d9173bc095c","Duchuynhltd@gmail.com","0.03 BNB","$17.82"
"","","0x6ee1d4fe514a00c6468c2a164ad7042399a45de536318374d29954ee6fb23180","Success","call","0x51d1707ac2e9193f7e558765c55c3694e2bf0d51","","0x343aef534dcdc1e98e7f660d18dd45d0941b59ab","","0.00059377 BNB","$0.35"
"","","0xd0497921b5ef73e72f10a67edf25820fb93659d04657cc5afb8413560b666ced","Success","call","0xfabd2e573e13abd43fd48831f6c191a475f77aab","","0x1ae110a2330ac316abe20d3a7afdc84a68d754b0","","0.0005 BNB","$0.30"
"","","0xdfdac519add2427aea89a9b64af15d6a509a9ef61a8d03a0cd31acb583e25c82","Success","call","0x1b6f2d3844c6ae7d56ceb3c3643b9060ba28feb0","APX V2: Trading","0x4d7e825f80bdf85e913e0dd2a2d54927e9de1594","","1 wei","$0.00"
"","","0xc3613b8ae8fd549a87fadf3a3c3b2642544433160aa683889cb5776856d70714","Success","call","0xce0fe6d980914292804adbec0f55392712953b74","","0xf0669b6203f6b53a2e4c5f4c38d341b578e4860d","","0.0003 BNB","$0.18"
"","","0xdbccb8ee0eca6c4c9995bcec606ed1ef458f2a8e475da2579bb72a52aa42207a","Success","call","0x10ed43c718714eb63d5aa57b78b54704e256024e","PancakeSwap: Router v2","0xbb4cdb9cbd36b01bd1cbaebf2de08d9173bc095c","Duchuynhltd@gmail.com","0.574836805 BNB","$341.45"
"","","0x295efacf9c6493c3ef60800da5fb47f0e588a16a3269a527686e83ea0098757e","Success","create","0x5010cf18344cc976ccfd0c4af75b844a6ccc3a56","","0xcc4212a4bb4f17d558476d855e26f3a2570434e3","","0 BNB","$0.00"
"","","0x295efacf9c6493c3ef60800da5fb47f0e588a16a3269a527686e83ea0098757e","Success","create","0x5010cf18344cc976ccfd0c4af75b844a6ccc3a56","","0xcbe277c44fa47131ad33cf137b337976dce2000a","","0 BNB","$0.00"
"","","0x9481121f3a26357487c3e117eb2d4d17462ca3494bc76374344b8c9b6887046e","Success","call","0x10ed43c718714eb63d5aa57b78b54704e256024e","PancakeSwap: Router v2","0xbb4cdb9cbd36b01bd1cbaebf2de08d9173bc095c","Duchuynhltd@gmail.com","0.295 BNB","$175.23"
"","","0x12e45069707f7bccf727b25fa80b4c4051fac68ed048706f4fd51b399fb71a65","Success","call","0x6a38d27d00214c2a098167121862d605fb317433","Fake_Phishing329559","0x6712a2f0743326fe7995330106649483794e36c6","","0.000089109 BNB","$0.05"
"43416506","2024-10-25 04:11:16","0x5a63901273d06370a082508803c60e0d3d2a30ac8d24193cc4c81b9957890c9d","Success","call","0x0000000000000000000000000000000000001000","BSC: Validator Set","0x000000000000000000000000000000000000dead","Null: 0x000...dEaD","0.001826059054841088 BNB","$1.08"
"","","0x5a63901273d06370a082508803c60e0d3d2a30ac8d24193cc4c81b9957890c9d","Success","call","0x0000000000000000000000000000000000001000","BSC: Validator Set","0x0000000000000000000000000000000000001002","BSC: System Reward","0.00114128690927568 BNB","$0.68"
"","","0xf491e9b4bab3361aea3b22552e16c47336dc986344a3d87f55f185f6f7ee2610","Success","call","0x10ed43c718714eb63d5aa57b78b54704e256024e","PancakeSwap: Router v2","0xbb4cdb9cbd36b01bd1cbaebf2de08d9173bc095c","Duchuynhltd@gmail.com","0.768 BNB","$456.19"
"","","0x7b021e4dfbf3da48b20f773c812505e6189708056093d77025a485f2b8f13303","Success","call","0xce0fe6d980914292804adbec0f55392712953b74","","0xf0669b6203f6b53a2e4c5f4c38d341b578e4860d","","0.0003 BNB","$0.18"
"","","0x78f55bdbc11e95796accdc7a5445457ee76c611792cd694a8275eb79894a9984","Error occured during Contract Execution","call","0x1b6f2d3844c6ae7d56ceb3c3643b9060ba28feb0","APX V2: Trading","0x4d7e825f80bdf85e913e0dd2a2d54927e9de1594","","1 wei","$0.00"
"","","0xd529112f33673c994ff4778aa1588e6997c2624c4939a9127e8ba04deb633e76","Success","call","0x10ed43c718714eb63d5aa57b78b54704e256024e","PancakeSwap: Router v2","0xbb4cdb9cbd36b01bd1cbaebf2de08d9173bc095c","Duchuynhltd@gmail.com","0.5 BNB","$297.00"
"43416505","2024-10-25 04:11:13","0xf91f0cd3b8a4ac7ffb38b3c49492cbbddcc88fbec6f2d82ce201222dfabe407d","Success","call","0x0000000000000000000000000000000000001000","BSC: Validator Set","0x000000000000000000000000000000000000dead","Null: 0x000...dEaD","0.001310734562470451 BNB","$0.78"
"","","0xf91f0cd3b8a4ac7ffb38b3c49492cbbddcc88fbec6f2d82ce201222dfabe407d","Success","call","0x0000000000000000000000000000000000001000","BSC: Validator Set","0x0000000000000000000000000000000000001002","BSC: System Reward","0.000819209101544031 BNB","$0.49"
"","","0xa56d676de925dfc9cf7a1c722fdd35c8a7fb7cd6c6f2e3abba53555fc1f8edec","Success","call","0xa04940a8ae6e04720db703a0d34fce20970eb052","","0x0d9a8dd46d30240fbbf02ee336648b026b3367fe","","0.0004782 BNB","$0.28"
"","","0xd6c0653248ca0c12d7d23cc29b51f9cb0380e78fe4cac07f463f326001b1e8d2","Success","call","0x10ed43c718714eb63d5aa57b78b54704e256024e","PancakeSwap: Router v2","0xbb4cdb9cbd36b01bd1cbaebf2de08d9173bc095c","Duchuynhltd@gmail.com","0.88582296 BNB","$526.18"
"","","0x0edf3184d0ec8087a4b31fbd3fcbc556ff0e12b687297bbbe4fea93bb110d1ec","Success","call","0x0dda32ef300c3b1902b1b1f2b7e9145e245e8e7b","","0xbb4cdb9cbd36b01bd1cbaebf2de08d9173bc095c","Duchuynhltd@gmail.com","0.112839297825840026 BNB","$67.03"
"","","0xe0213202eebce3ad9d9d6a3bccaba57630e7b4b973c68c7dff9ab9cde2eaa1f3","Success","call","0xa594ec24703b30505ce12ba0444a8e996d216dbd","","0xd67988ad480bc2af2fbf10c11e157ca4575b35ea","","0.000898 BNB","$0.53"
"","","0x93e32cefec72fb9db392ad9d7af5aba9156ba5a2779ecdd2970a761be00330bf","Success","create","0x5010cf18344cc976ccfd0c4af75b844a6ccc3a56","","0x70abfff1283e2995857e938e75e5023d36cc420e","","0 BNB","$0.00"
"","","0x93e32cefec72fb9db392ad9d7af5aba9156ba5a2779ecdd2970a761be00330bf","Success","create","0x5010cf18344cc976ccfd0c4af75b844a6ccc3a56","","0x07773f1fb3dff2c82aaf3774620b4b68e0e90627","","0 BNB","$0.00"
"","","0x2bc7657de5065fa593b953bdd2b666002706f4b12ccd4586ade27ac64bd84cb9","Success","call","0x10ed43c718714eb63d5aa57b78b54704e256024e","PancakeSwap: Router v2","0x6e2d9829d1b2afdca1439815e9843aeeaea08e5a","","1.761022842357581834 BNB","$1,046.04"
"","","0x2bc7657de5065fa593b953bdd2b666002706f4b12ccd4586ade27ac64bd84cb9","Success","call","0xbb4cdb9cbd36b01bd1cbaebf2de08d9173bc095c","Duchuynhltd@gmail.com","0x10ed43c718714eb63d5aa57b78b54704e256024e","PancakeSwap: Router v2","1.761022842357581834 BNB","$1,046.04"
"","","0xeb8eefd548ade356e3a4d90bca094742a21f4e351f42b5dd561834714dc174b2","Success","call","0xe37a38d130c91fed76c406f24b4a3a3dc310cea9","Fake_Phishing340007","0xf069cdde068b2fb7642aed6cb4c310ac0e70f6f5","","0.00008 BNB","$0.05"
"43416504","2024-10-25 04:11:10","0x50a042206fda86671e3d1ec38973dbcb461f41c06fd97ac258416caac4d596d5","Success","call","0x0000000000000000000000000000000000001000","BSC: Validator Set","0x000000000000000000000000000000000000dead","Null: 0x000...dEaD","0.001386490047263052 BNB","$0.82"
"","","0x50a042206fda86671e3d1ec38973dbcb461f41c06fd97ac258416caac4d596d5","Success","call","0x0000000000000000000000000000000000001000","BSC: Validator Set","0x0000000000000000000000000000000000001002","BSC: System Reward","0.000866556279539407 BNB","$0.51"
"","","0xf5b6b82468351724fe7161ab20ac56eaf19a1d5c29b590b0a9052c34491df40b","Success","call","0x03acbfbdb014b78ed65463c3ec57393ece49e52e","","0x3d437094e2018320167f67ac614a870dd9dd77be","","1 wei","$0.00"
"","","0xf5b6b82468351724fe7161ab20ac56eaf19a1d5c29b590b0a9052c34491df40b","Success","call","0xff823cd0875647f9e6c57be62e7e36cb11582185","","0x03acbfbdb014b78ed65463c3ec57393ece49e52e","","1 wei","$0.00"